{"cameraMode":{"drawMode":0,"name":"Shaded","section":"Shading Mode"},"sceneLighting":false,"audioPlay":false,"sceneViewState":{"showFog":true,"showMaterialUpdate":false,"showSkybox":false,"showFlares":true,"showImageEffects":true,"showParticleSystems":true},"in2DMode":false,"pivot":{"x":-0.5233323574066162,"y":-0.24596194922924043,"z":-0.17969147861003877},"rotation":{"x":-0.16566067934036256,"y":0.4312254786491394,"z":-0.08088080585002899,"w":-0.8832219243049622},"size":2.151498317718506,"orthographic":false}